id,first_name,last_name,email,gender,ip_address,dates
1,Gabriella,Lenney,glenney0@google.co.uk,Female,135.54.142.124,43655
2,Barb,Judge,bjudge1@omniture.com,Female,199.250.174.129,43678
3,Joanie,Huge,jhuge2@yahoo.com,Female,71.218.75.214,43710
4,Lionel,Pink,lpink3@vistaprint.com,Male,160.197.222.10,43789
5,Rockey,Fahy,rfahy4@icio.us,Male,1.125.222.62,43563
6,Jo,Dowey,jdowey5@engadget.com,Male,100.23.74.3,43548
7,Yolanda,Dugget,ydugget6@privacy.gov.au,Female,103.9.146.46,43856
8,Laurella,Choulerton,lchoulerton7@hatena.ne.jp,Female,235.253.201.92,43799
9,Shurlocke,Dudden,sdudden8@jimdo.com,Male,64.84.66.202,43621
10,Gussie,Eykelbosch,geykelbosch9@amazon.co.jp,Female,66.182.23.71,43776
11,Kele,Gauntley,kgauntleya@netscape.com,Male,91.62.141.125,43884
12,Goraud,Couvert,gcouvertb@abc.net.au,Male,158.105.171.241,43698
13,Dieter,Wakeley,dwakeleyc@tmall.com,Male,69.67.119.232,43590
14,Doe,O'Carroll,docarrolld@printfriendly.com,Female,30.6.195.222,43674
15,Keir,Witherbed,kwitherbede@jigsy.com,Male,131.197.35.220,43834
16,Kassey,Cutriss,kcutrissf@independent.co.uk,Female,135.59.114.131,43834
17,Sofie,McLarens,smclarensg@boston.com,Female,52.20.140.102,43560
18,Torre,Harding,thardingh@google.ru,Male,32.188.86.249,43866
19,Knox,Kaygill,kkaygilli@g.co,Male,53.225.136.78,43555
20,Susanetta,Badger,sbadgerj@imageshack.us,Female,107.157.68.41,43680
21,Athene,Chave,achavek@issuu.com,Female,12.127.187.182,43720
22,Gard,Killelay,gkillelayl@msn.com,Male,40.98.69.147,43622
23,Harcourt,Goldthorpe,hgoldthorpem@blog.com,Male,29.211.72.215,43848
24,Britte,de Werk,bdewerkn@imdb.com,Female,29.191.108.19,43718
25,Farr,Bushill,fbushillo@hexun.com,Male,167.17.198.136,43864
26,Urbain,Basili,ubasilip@reddit.com,Male,121.253.84.255,43801
27,Lay,Battell,lbattellq@livejournal.com,Male,176.163.150.183,43538
28,Bea,Abrahams,babrahamsr@vinaora.com,Female,20.109.240.143,43887
29,Damien,Sellen,dsellens@constantcontact.com,Male,59.142.134.205,43823
30,Granny,O'Keevan,gokeevant@mayoclinic.com,Male,29.217.43.193,43581
31,Adele,Vandenhoff,avandenhoffu@umich.edu,Female,218.151.219.51,43835
32,Evanne,Colly,ecollyv@moonfruit.com,Female,36.27.109.151,43597
33,Cassius,Lindroos,clindroosw@mashable.com,Male,2.110.170.119,43840
34,Beryle,Cariss,bcarissx@pcworld.com,Female,105.153.179.241,43797
35,Jessalyn,Hainsworth,jhainsworthy@slashdot.org,Female,172.159.160.254,43754
36,Sibylla,Cremins,screminsz@answers.com,Female,95.192.111.157,43766
37,Daphne,Rigard,drigard10@google.com.hk,Female,104.175.246.98,43616
38,Paule,Gouth,pgouth11@reference.com,Female,13.93.198.10,43676
39,Kaja,Taillant,ktaillant12@netvibes.com,Female,9.38.182.132,43678
40,Darill,Finney,dfinney13@cbslocal.com,Male,161.111.199.58,43745
41,Hyatt,Phizackerly,hphizackerly14@quantcast.com,Male,91.102.195.171,43529
42,Alyce,Dudlestone,adudlestone15@hao123.com,Female,4.30.21.130,43533
43,Kynthia,Matashkin,kmatashkin16@acquirethisname.com,Female,96.209.177.113,43537
44,Darnall,Wellstead,dwellstead17@usnews.com,Male,13.44.31.160,43669
45,Kalvin,Tallant,ktallant18@drupal.org,Male,248.148.107.163,43639
46,Agnola,Izak,aizak19@cbsnews.com,Female,30.209.125.19,43709
47,Sybilla,Bartoloma,sbartoloma1a@spiegel.de,Female,85.31.29.153,43693
48,Nikola,Bozward,nbozward1b@youtu.be,Male,33.64.86.19,43659
49,Cicely,Snodin,csnodin1c@devhub.com,Female,24.221.59.234,43777
50,Annissa,Ehrat,aehrat1d@booking.com,Female,96.116.118.171,43675
51,Hakeem,Dumphy,hdumphy1e@cnet.com,Male,95.88.99.147,43540
52,Carlie,Hammerich,chammerich1f@facebook.com,Male,163.142.137.84,43549
53,Rois,Chmarny,rchmarny1g@nih.gov,Female,238.223.243.93,43624
54,Renato,Ribbens,rribbens1h@dot.gov,Male,160.159.134.98,43770
55,Gussy,Collett,gcollett1i@tuttocitta.it,Female,231.203.95.96,43788
56,Hannie,Sudy,hsudy1j@google.com.au,Female,14.109.81.221,43781
57,Augustus,Youdell,ayoudell1k@facebook.com,Male,32.209.138.126,43599
58,Haleigh,Di Biagio,hdibiagio1l@sohu.com,Female,164.43.195.94,43891
59,Rosamund,Killimister,rkillimister1m@unc.edu,Female,28.42.16.27,43650
60,Wells,Swire,wswire1n@phpbb.com,Male,112.93.118.37,43857
61,Malynda,Kinson,mkinson1o@ning.com,Female,243.61.58.75,43854
62,Brady,Stopper,bstopper1p@arstechnica.com,Male,173.42.223.136,43576
63,Riordan,Wernher,rwernher1q@gov.uk,Male,98.227.21.19,43766
64,Red,Dunlea,rdunlea1r@arizona.edu,Male,74.6.44.177,43794
65,Lucienne,Hursthouse,lhursthouse1s@businessinsider.com,Female,38.236.104.5,43833
66,Rollin,Mathevet,rmathevet1t@msn.com,Male,141.14.153.96,43595
67,Ellary,Gouldeby,egouldeby1u@salon.com,Male,164.130.254.21,43610
68,Patton,Gainfort,pgainfort1v@unicef.org,Male,244.197.251.172,43880
69,Kiel,Beldham,kbeldham1w@addtoany.com,Male,158.77.89.248,43592
70,Claudio,Vitall,cvitall1x@java.com,Male,58.204.66.5,43680
71,Dallas,Livesley,dlivesley1y@newyorker.com,Male,156.31.98.152,43744
72,Vonnie,Pickford,vpickford1z@prweb.com,Female,88.191.208.255,43584
73,Felicio,Withey,fwithey20@state.tx.us,Male,250.222.16.157,43639
74,Hilary,Paal,hpaal21@infoseek.co.jp,Male,116.198.197.203,43886
75,Lukas,Belcham,lbelcham22@npr.org,Male,15.136.197.72,43662
76,Amby,Durdan,adurdan23@hexun.com,Male,134.247.121.157,43781
77,Kinsley,Blundel,kblundel24@mapy.cz,Male,65.197.62.88,43747
78,Caleb,Whight,cwhight25@histats.com,Male,67.234.176.26,43754
79,Lonnie,Player,lplayer26@webs.com,Male,241.161.69.143,43671
80,Jeremias,Woodbridge,jwoodbridge27@independent.co.uk,Male,48.27.118.28,43720
81,Sylas,Gamett,sgamett28@google.co.jp,Male,228.71.51.202,43837
82,Evelyn,Griffin,egriffin29@alexa.com,Male,69.158.109.180,43640
83,Jude,MacQuaker,jmacquaker2a@flickr.com,Male,27.73.48.220,43546
84,Boony,Patterson,bpatterson2b@squidoo.com,Male,88.255.114.71,43640
85,Juliette,McDaid,jmcdaid2c@mediafire.com,Female,181.87.234.21,43888
86,Miller,Verillo,mverillo2d@thetimes.co.uk,Male,126.108.110.65,43716
87,Ddene,McPherson,dmcpherson2e@t-online.de,Female,77.46.128.190,43650
88,Iorgo,Stiddard,istiddard2f@boston.com,Male,219.35.233.216,43807
89,Rossy,Gregine,rgregine2g@woothemes.com,Male,67.250.42.226,43873
90,Loretta,Shinefield,lshinefield2h@google.com.hk,Female,6.163.150.198,43550
91,Tiphany,Buckingham,tbuckingham2i@blogspot.com,Female,19.246.62.209,43823
92,Worth,Showler,wshowler2j@liveinternet.ru,Male,12.59.54.211,43834
93,Standford,Christoffels,schristoffels2k@ifeng.com,Male,168.69.155.92,43681
94,Kayley,Lestor,klestor2l@blogspot.com,Female,165.35.106.153,43558
95,Franzen,Branson,fbranson2m@ucoz.ru,Male,180.67.90.9,43782
96,Alana,Gay,agay2n@discuz.net,Female,253.136.228.30,43546
97,Bastian,Gershom,bgershom2o@zdnet.com,Male,96.199.169.129,43879
98,Cymbre,Cosin,ccosin2p@google.com.br,Female,16.169.122.133,43640
99,Turner,Benbrick,tbenbrick2q@webmd.com,Male,136.255.161.27,43698
100,Gardiner,Borrett,gborrett2r@lulu.com,Male,29.188.46.203,43711
101,Jackie,Pickless,jpickless2s@ihg.com,Male,108.129.174.187,43556
102,El,Morriss,emorriss2t@mysql.com,Male,27.173.49.22,43798
103,Keven,Woolward,kwoolward2u@boston.com,Male,154.5.83.146,43829
104,Zeke,Daenen,zdaenen2v@ow.ly,Male,93.255.120.27,43562
105,Bent,Royse,broyse2w@alexa.com,Male,117.155.77.226,43879
106,Shandy,Cortez,scortez2x@tiny.cc,Female,198.181.100.194,43738
107,Mayor,McGahy,mmcgahy2y@redcross.org,Male,125.189.211.198,43551
108,Raquela,MacNair,rmacnair2z@cmu.edu,Female,57.183.146.66,43769
109,Ben,Bendix,bbendix30@baidu.com,Male,199.118.52.80,43707
110,Guillemette,Checo,gcheco31@samsung.com,Female,101.99.88.119,43638
111,Maddy,Conningham,mconningham32@cisco.com,Male,53.69.234.207,43773
112,Shantee,Gartside,sgartside33@photobucket.com,Female,153.82.67.166,43579
113,Royal,Legan,rlegan34@plala.or.jp,Male,93.39.191.67,43749
114,Corie,Scoterbosh,cscoterbosh35@bandcamp.com,Female,165.89.19.183,43749
115,Rowan,Birdis,rbirdis36@ocn.ne.jp,Male,144.129.170.6,43601
116,Briant,Loseby,bloseby37@edublogs.org,Male,37.70.30.213,43791
117,Johnny,Glamart,jglamart38@jigsy.com,Male,197.76.30.32,43862
118,Rollo,Kittoe,rkittoe39@netvibes.com,Male,185.63.115.188,43639
119,Ravid,Prangle,rprangle3a@geocities.com,Male,50.220.245.137,43544
120,Hyacinthe,Skerm,hskerm3b@independent.co.uk,Female,170.0.67.219,43697
121,Kristyn,Matuszak,kmatuszak3c@amazon.co.jp,Female,20.64.76.40,43865
122,Gerhard,Crummay,gcrummay3d@dailymail.co.uk,Male,128.210.51.245,43568
123,Udall,Scoates,uscoates3e@arizona.edu,Male,166.80.67.135,43801
124,Nertie,Tanby,ntanby3f@time.com,Female,30.48.81.213,43664
125,Dave,Triner,dtriner3g@a8.net,Male,38.88.73.114,43579
126,Aili,Wadeson,awadeson3h@baidu.com,Female,53.182.83.130,43609
127,Elnar,Dehm,edehm3i@imdb.com,Male,7.254.221.145,43690
128,Babbie,Middle,bmiddle3j@last.fm,Female,240.211.251.75,43724
129,Kendell,Whitnell,kwhitnell3k@linkedin.com,Male,124.41.138.65,43757
130,Gipsy,Lane,glane3l@toplist.cz,Female,168.27.131.57,43774
131,Katrina,Millward,kmillward3m@github.com,Female,109.160.113.218,43557
132,Kennith,Reen,kreen3n@thetimes.co.uk,Male,88.17.32.157,43723
133,Sonni,Branton,sbranton3o@list-manage.com,Female,186.78.249.152,43872
134,Belle,Whacket,bwhacket3p@un.org,Female,71.56.121.150,43534
135,Dinny,Goucher,dgoucher3q@youtu.be,Female,219.52.120.80,43734
136,Dehlia,Kennewell,dkennewell3r@multiply.com,Female,216.67.180.176,43659
137,Marisa,Barnwell,mbarnwell3s@msu.edu,Female,216.27.166.58,43789
138,Kirby,Kiwitz,kkiwitz3t@geocities.jp,Female,15.95.123.81,43848
139,Pace,Rowledge,prowledge3u@oakley.com,Male,139.141.227.48,43645
140,Clair,Peracco,cperacco3v@prnewswire.com,Male,147.121.85.184,43769
141,Leeanne,Peers,lpeers3w@ovh.net,Female,145.124.248.62,43655
142,Perren,Ravenscraft,pravenscraft3x@jimdo.com,Male,226.234.233.137,43620
143,Gill,Chidwick,gchidwick3y@trellian.com,Male,149.204.96.26,43664
144,Jeannine,Yedall,jyedall3z@newsvine.com,Female,184.100.234.235,43715
145,Ailey,Koppes,akoppes40@whitehouse.gov,Female,52.9.168.164,43632
146,Patrick,Craik,pcraik41@samsung.com,Male,70.57.112.142,43785
147,Marianna,Sijmons,msijmons42@constantcontact.com,Female,96.119.252.190,43800
148,Marmaduke,Skechley,mskechley43@multiply.com,Male,34.46.206.223,43692
149,Sarina,MacCumeskey,smaccumeskey44@pagesperso-orange.fr,Female,215.40.24.11,43859
150,Flossi,Winterscale,fwinterscale45@wix.com,Female,49.158.33.250,43737
151,Ceil,Pharaoh,cpharaoh46@tumblr.com,Female,165.72.44.51,43571
152,Dosi,Pensom,dpensom47@moonfruit.com,Female,119.146.111.65,43664
153,Bonnie,Brettell,bbrettell48@techcrunch.com,Female,50.18.73.196,43739
154,Kliment,Offield,koffield49@blinklist.com,Male,60.105.192.61,43745
155,Bev,Kochs,bkochs4a@multiply.com,Male,14.207.121.129,43881
156,Tabatha,Ovington,tovington4b@t-online.de,Female,55.164.27.175,43547
157,Dyanne,Rableau,drableau4c@biglobe.ne.jp,Female,111.179.180.97,43813
158,Kinny,Kamall,kkamall4d@ucoz.ru,Male,77.127.25.185,43762
159,Winfield,Robbins,wrobbins4e@timesonline.co.uk,Male,164.189.64.219,43540
160,Renelle,Scheffel,rscheffel4f@blogger.com,Female,51.101.177.57,43874
161,Tiffi,Haywood,thaywood4g@msu.edu,Female,42.68.111.143,43549
162,Webster,Station,wstation4h@topsy.com,Male,20.112.213.186,43560
163,Fitz,Shoute,fshoute4i@accuweather.com,Male,131.178.249.32,43757
164,Andy,Fairham,afairham4j@sakura.ne.jp,Female,157.206.206.75,43574
165,Early,Sor,esor4k@plala.or.jp,Male,100.121.79.189,43632
166,Percival,Dumblton,pdumblton4l@list-manage.com,Male,121.224.195.132,43664
167,Isiahi,Tithecote,itithecote4m@networkadvertising.org,Male,109.42.209.235,43531
168,Perren,Burfoot,pburfoot4n@list-manage.com,Male,238.201.120.44,43885
169,Abram,Patullo,apatullo4o@netlog.com,Male,210.220.190.171,43786
170,Philippa,Griffey,pgriffey4p@hostgator.com,Female,143.98.29.141,43605
171,Ibbie,Sailes,isailes4q@fc2.com,Female,25.169.112.198,43597
172,Loria,Screen,lscreen4r@google.fr,Female,10.195.211.227,43639
173,Bronny,Durram,bdurram4s@latimes.com,Male,52.154.189.22,43768
174,Nickola,Durtnall,ndurtnall4t@disqus.com,Male,193.96.27.232,43770
175,Beau,Kelland,bkelland4u@parallels.com,Male,132.228.230.227,43530
176,Myrna,Fincke,mfincke4v@un.org,Female,234.11.139.54,43692
177,Grant,Wisam,gwisam4w@paypal.com,Male,125.52.203.131,43620
178,Carolann,Gribbell,cgribbell4x@purevolume.com,Female,236.211.111.108,43881
179,Clea,Antunes,cantunes4y@vk.com,Female,127.137.53.101,43541
180,Alfred,Howship,ahowship4z@discovery.com,Male,130.200.132.45,43583
181,Gabie,Arderne,garderne50@webs.com,Male,210.116.211.126,43625
182,Jervis,Harce,jharce51@networkadvertising.org,Male,107.79.235.174,43695
183,Ilaire,Topper,itopper52@ucoz.ru,Male,0.133.61.207,43762
184,Jordana,Greiser,jgreiser53@paginegialle.it,Female,141.34.9.211,43714
185,Cory,Leather,cleather54@google.nl,Male,96.127.244.61,43619
186,Cecilius,Meatcher,cmeatcher55@usa.gov,Male,195.23.192.159,43722
187,Thacher,Halgarth,thalgarth56@ca.gov,Male,58.81.210.207,43832
188,Dory,Oakhill,doakhill57@usgs.gov,Male,2.56.244.34,43550
189,Eleonore,Rumming,erumming58@shareasale.com,Female,142.48.122.9,43854
190,Freedman,Swallow,fswallow59@independent.co.uk,Male,209.52.3.53,43588
191,Keefer,Hoggan,khoggan5a@github.com,Male,30.97.14.222,43780
192,Orbadiah,Jickles,ojickles5b@globo.com,Male,209.200.123.46,43833
193,Michal,Cardello,mcardello5c@npr.org,Male,239.204.59.218,43598
194,Therine,Pendleberry,tpendleberry5d@admin.ch,Female,115.187.20.55,43867
195,Weidar,Bleibaum,wbleibaum5e@google.es,Male,168.20.66.49,43602
196,Glyn,Kettlewell,gkettlewell5f@fastcompany.com,Male,181.63.158.127,43858
197,Janice,Walicki,jwalicki5g@yellowpages.com,Female,35.112.173.53,43865
198,Collin,Deeney,cdeeney5h@nature.com,Male,236.153.26.98,43825
199,Torrance,Hinnerk,thinnerk5i@google.co.uk,Male,59.53.213.35,43866
200,Dallas,Fraser,dfraser5j@a8.net,Female,67.131.11.90,43574
201,Maud,Curzey,mcurzey5k@behance.net,Female,216.253.135.54,43856
202,Mathew,Legister,mlegister5l@narod.ru,Male,47.143.43.171,43891
203,Mada,Swinyard,mswinyard5m@ted.com,Female,17.255.39.255,43884
204,Laraine,Raund,lraund5n@exblog.jp,Female,171.255.30.61,43795
205,Flo,Memory,fmemory5o@phpbb.com,Female,37.228.49.172,43528
206,Carlye,Scamp,cscamp5p@ed.gov,Female,57.108.71.45,43711
207,Eleonora,Van de Velde,evandevelde5q@reference.com,Female,165.111.76.190,43752
208,Marianna,Botright,mbotright5r@discovery.com,Female,69.122.141.78,43671
209,Malvina,Carress,mcarress5s@desdev.cn,Female,176.206.201.200,43810
210,Genovera,Tessier,gtessier5t@nyu.edu,Female,219.128.56.121,43789
211,Trixie,Barthod,tbarthod5u@themeforest.net,Female,53.161.169.241,43671
212,Nadine,Hourihan,nhourihan5v@wikipedia.org,Female,11.73.56.255,43586
213,Rubie,Larrie,rlarrie5w@adobe.com,Female,141.44.144.32,43672
214,Carmita,Corzor,ccorzor5x@samsung.com,Female,113.31.121.139,43833
215,Guthrie,Scrigmour,gscrigmour5y@parallels.com,Male,123.162.245.29,43737
216,Yettie,Kirsopp,ykirsopp5z@sbwire.com,Female,148.194.201.121,43764
217,Tiena,Sketh,tsketh60@sciencedirect.com,Female,122.129.26.28,43793
218,Inna,Pagnin,ipagnin61@myspace.com,Female,88.83.229.142,43746
219,Lalo,Clohessy,lclohessy62@virginia.edu,Male,220.28.159.136,43576
220,Kessiah,Ollett,kollett63@clickbank.net,Female,16.16.201.79,43578
221,Ania,Linham,alinham64@godaddy.com,Female,190.94.109.73,43570
222,Meggi,O'Keaveny,mokeaveny65@miibeian.gov.cn,Female,54.203.51.220,43570
223,Rikki,Lunge,rlunge66@loc.gov,Female,58.5.158.218,43733
224,Leora,Jerche,ljerche67@ycombinator.com,Female,126.241.121.46,43774
225,Franky,Clift,fclift68@macromedia.com,Male,1.222.45.8,43712
226,Tallia,Blethin,tblethin69@chron.com,Female,3.176.223.119,43872
227,Bradly,O'Noland,bonoland6a@odnoklassniki.ru,Male,75.229.176.72,43619
228,Vivienne,Sanney,vsanney6b@mozilla.org,Female,144.32.157.85,43600
229,Marge,Dixie,mdixie6c@theglobeandmail.com,Female,165.71.237.57,43774
230,Stefanie,Francais,sfrancais6d@cdbaby.com,Female,47.17.76.3,43891
231,Evangelina,Billington,ebillington6e@hhs.gov,Female,23.60.92.213,43613
232,Emmye,Rawlyns,erawlyns6f@sbwire.com,Female,207.191.71.33,43746
233,Skippie,Costelloe,scostelloe6g@weibo.com,Male,188.145.82.86,43828
234,Layton,Linger,llinger6h@sfgate.com,Male,105.74.99.188,43713
235,Peg,Parham,pparham6i@instagram.com,Female,131.71.250.28,43717
236,Derby,Tilburn,dtilburn6j@ning.com,Male,198.170.161.25,43733
237,Humberto,Douberday,hdouberday6k@psu.edu,Male,191.175.7.60,43768
238,Fitz,Stride,fstride6l@twitter.com,Male,49.213.143.18,43719
239,Dedie,Binnes,dbinnes6m@networkadvertising.org,Female,185.80.110.9,43814
240,Iver,Meddings,imeddings6n@hc360.com,Male,114.96.200.219,43668
241,Iain,Impy,iimpy6o@rakuten.co.jp,Male,61.65.179.110,43531
242,Jacinthe,Chinnock,jchinnock6p@linkedin.com,Female,106.174.43.161,43790
243,Jobi,Edgson,jedgson6q@princeton.edu,Female,41.215.51.68,43711
244,Esme,Burlingame,eburlingame6r@ask.com,Female,109.74.123.200,43596
245,Nerti,Linacre,nlinacre6s@unc.edu,Female,1.203.190.218,43680
246,Ber,Boarer,bboarer6t@jigsy.com,Male,60.25.120.4,43686
247,Riordan,Barnby,rbarnby6u@disqus.com,Male,208.40.236.5,43618
248,Demetris,Puttick,dputtick6v@cam.ac.uk,Male,140.203.140.169,43586
249,Thacher,Goodsal,tgoodsal6w@pinterest.com,Male,7.102.105.136,43732
250,Lynnette,Gilkison,lgilkison6x@bluehost.com,Female,188.110.139.204,43651
251,Ines,Abelovitz,iabelovitz6y@feedburner.com,Female,55.20.49.96,43653
252,Marilee,Edsall,medsall6z@irs.gov,Female,109.166.160.41,43787
253,Gavan,Applegarth,gapplegarth70@dailymotion.com,Male,4.235.45.51,43633
254,Reiko,Hartop,rhartop71@nps.gov,Female,247.191.52.195,43790
255,Manfred,Barden,mbarden72@cocolog-nifty.com,Male,248.131.178.178,43648
256,Marchelle,Andrelli,mandrelli73@google.com.br,Female,253.250.143.46,43779
257,Cate,Sansbury,csansbury74@rambler.ru,Female,125.131.199.224,43721
258,Saidee,Burgwyn,sburgwyn75@cloudflare.com,Female,228.127.150.27,43628
259,Alison,Hansie,ahansie76@columbia.edu,Female,132.190.213.206,43671
260,Isidor,Jochen,ijochen77@hc360.com,Male,220.35.34.170,43552
261,Jeanine,Erlam,jerlam78@e-recht24.de,Female,241.238.29.83,43620
262,Duky,Brunsdon,dbrunsdon79@cnbc.com,Male,193.230.132.70,43758
263,Rozalie,Giacobbo,rgiacobbo7a@acquirethisname.com,Female,146.143.161.218,43562
264,Drucy,Tebbutt,dtebbutt7b@gmpg.org,Female,85.223.19.159,43843
265,Trix,Acott,tacott7c@washingtonpost.com,Female,8.91.233.97,43619
266,Nefen,Duckerin,nduckerin7d@sphinn.com,Male,30.121.11.156,43653
267,Corrina,Woodyeare,cwoodyeare7e@goo.gl,Female,115.32.98.60,43655
268,Xymenes,Aizic,xaizic7f@google.com.hk,Male,47.51.123.128,43547
269,Tana,Kennett,tkennett7g@aol.com,Female,86.164.192.24,43785
270,Dorian,Fancett,dfancett7h@wikimedia.org,Male,11.177.247.10,43886
271,Jacenta,Gammill,jgammill7i@prnewswire.com,Female,209.18.35.74,43786
272,Codie,Heinsius,cheinsius7j@google.ca,Female,37.80.37.78,43618
273,Artie,Basek,abasek7k@mozilla.com,Male,136.216.1.132,43691
274,Pansy,Pietz,ppietz7l@columbia.edu,Female,197.28.73.119,43819
275,Persis,Harlow,pharlow7m@artisteer.com,Female,42.200.118.86,43762
276,Isahella,Pabelik,ipabelik7n@cmu.edu,Female,24.154.151.244,43665
277,Lucila,Vallender,lvallender7o@senate.gov,Female,152.24.253.243,43771
278,Mike,Heibel,mheibel7p@netvibes.com,Male,19.103.143.63,43875
279,Carolyne,Dranfield,cdranfield7q@bravesites.com,Female,57.126.201.190,43585
280,Mureil,Gilhouley,mgilhouley7r@dailymail.co.uk,Female,142.105.92.169,43799
281,Andrus,Pesek,apesek7s@eepurl.com,Male,43.126.208.64,43844
282,Tabbie,Senecaux,tsenecaux7t@bing.com,Female,1.139.3.215,43636
283,Miran,Wardell,mwardell7u@reverbnation.com,Female,184.68.7.250,43879
284,Cross,Niesegen,cniesegen7v@sohu.com,Male,166.74.26.111,43739
285,Keven,Woolpert,kwoolpert7w@irs.gov,Male,146.210.189.233,43626
286,Ronnie,Shippard,rshippard7x@berkeley.edu,Female,160.163.144.203,43620
287,Julio,Le Surf,jlesurf7y@over-blog.com,Male,175.132.229.157,43742
288,Tierney,California,tcalifornia7z@hexun.com,Female,254.34.8.193,43831
289,Peggie,Kob,pkob80@tuttocitta.it,Female,72.84.78.136,43670
290,Filia,Haysar,fhaysar81@jugem.jp,Female,21.8.30.98,43592
291,Fawnia,de Nore,fdenore82@cisco.com,Female,70.129.43.45,43561
292,Adlai,Londesborough,alondesborough83@toplist.cz,Male,93.40.40.126,43679
293,Lulu,Mackison,lmackison84@smh.com.au,Female,87.193.128.6,43812
294,Padget,Lancashire,plancashire85@bloomberg.com,Male,3.72.66.98,43851
295,Osmond,Barhem,obarhem86@google.com,Male,146.58.122.235,43843
296,Anastasie,Kearford,akearford87@mediafire.com,Female,145.220.109.159,43612
297,Phoebe,Gonin,pgonin88@disqus.com,Female,25.91.233.71,43872
298,Jany,Blaza,jblaza89@nsw.gov.au,Female,221.88.105.185,43541
299,Daren,Dobrowlski,ddobrowlski8a@nhs.uk,Male,206.217.152.23,43801
300,Zandra,Giberd,zgiberd8b@nsw.gov.au,Female,137.211.1.119,43665
301,Geoffry,Whear,gwhear8c@umn.edu,Male,92.95.172.9,43822
302,Yulma,Coxwell,ycoxwell8d@themeforest.net,Male,206.181.67.16,43682
303,Ulises,Kelinge,ukelinge8e@weibo.com,Male,218.87.22.79,43528
304,Darill,Margerison,dmargerison8f@gnu.org,Male,97.191.23.56,43695
305,Papageno,Leaver,pleaver8g@wisc.edu,Male,74.94.217.113,43616
306,Eduard,Gaudin,egaudin8h@ftc.gov,Male,111.14.62.95,43729
307,Monti,Helbeck,mhelbeck8i@lulu.com,Male,64.181.207.153,43786
308,Bartholomeo,Proudler,bproudler8j@com.com,Male,253.191.23.72,43863
309,Jeffry,Eager,jeager8k@freewebs.com,Male,179.253.29.114,43856
310,Bink,Pember,bpember8l@usgs.gov,Male,163.54.85.102,43862
311,Cher,Dransfield,cdransfield8m@census.gov,Female,222.168.41.51,43684
312,Otto,Hartness,ohartness8n@studiopress.com,Male,205.130.150.27,43792
313,Derrick,Rudsdale,drudsdale8o@ft.com,Male,159.29.200.85,43535
314,Lucienne,Lampert,llampert8p@bluehost.com,Female,203.172.107.73,43602
315,Gilly,Achromov,gachromov8q@guardian.co.uk,Female,100.119.193.195,43757
316,Justine,Labram,jlabram8r@yahoo.co.jp,Female,67.218.100.194,43595
317,Kellyann,Surgood,ksurgood8s@wikia.com,Female,208.61.200.91,43599
318,Delainey,Yoell,dyoell8t@photobucket.com,Male,142.255.184.131,43764
319,Merle,Wayt,mwayt8u@goodreads.com,Male,104.31.140.109,43649
320,Katrinka,Bursnell,kbursnell8v@parallels.com,Female,158.40.153.14,43565
321,Dannie,Kinnoch,dkinnoch8w@ed.gov,Male,249.136.111.123,43747
322,Godfree,Foster-Smith,gfostersmith8x@yolasite.com,Male,194.67.195.183,43807
323,Cheston,Pavie,cpavie8y@ehow.com,Male,199.0.66.22,43695
324,Smith,McKearnen,smckearnen8z@wired.com,Male,228.65.84.210,43795
325,Bidget,Winser,bwinser90@51.la,Female,3.24.236.85,43831
326,Cletus,Braunfeld,cbraunfeld91@house.gov,Male,171.102.44.96,43803
327,Fee,Anslow,fanslow92@hugedomains.com,Male,85.228.202.207,43667
328,Nance,Gutridge,ngutridge93@wikimedia.org,Female,86.145.132.64,43574
329,Veronique,Millett,vmillett94@dedecms.com,Female,71.68.213.223,43693
330,Gunner,Raleston,graleston95@cisco.com,Male,89.200.41.92,43771
331,Gerry,Vorley,gvorley96@posterous.com,Male,255.86.153.203,43836
332,Atlanta,Major,amajor97@mediafire.com,Female,113.72.220.80,43684
333,Levon,Rolph,lrolph98@princeton.edu,Male,95.13.142.196,43789
334,Josi,Quirk,jquirk99@t.co,Female,245.54.241.30,43530
335,Joshia,Wych,jwych9a@census.gov,Male,145.203.144.64,43820
336,Jecho,Twigger,jtwigger9b@state.gov,Male,188.41.69.191,43630
337,Thom,Hazle,thazle9c@printfriendly.com,Male,76.16.76.218,43586
338,Abba,Tuison,atuison9d@go.com,Male,144.31.152.108,43585
339,Jennilee,McPeake,jmcpeake9e@tinyurl.com,Female,122.163.54.72,43626
340,Amye,Gosby,agosby9f@github.com,Female,157.142.47.24,43659
341,Domenic,Andrzej,dandrzej9g@go.com,Male,132.100.201.254,43810
342,Georgetta,Imrie,gimrie9h@ning.com,Female,148.247.237.26,43640
343,Ivar,Pennaman,ipennaman9i@answers.com,Male,62.248.96.126,43800
344,Sharleen,Vezey,svezey9j@nifty.com,Female,96.69.183.149,43827
345,Mandel,Sterling,msterling9k@usatoday.com,Male,118.176.229.153,43619
346,Jaime,Brownsett,jbrownsett9l@umich.edu,Male,3.83.41.250,43687
347,Dov,Martusewicz,dmartusewicz9m@usda.gov,Male,60.119.255.125,43759
348,Bourke,Ducket,bducket9n@jigsy.com,Male,244.165.105.23,43699
349,Annabell,Ortell,aortell9o@yale.edu,Female,63.16.7.251,43848
350,Pippa,Juschka,pjuschka9p@youtube.com,Female,93.226.221.1,43736
351,Stacy,Fuge,sfuge9q@si.edu,Male,16.38.157.92,43540
352,Geneva,Pail,gpail9r@blog.com,Female,58.233.137.110,43529
353,Eveline,Luquet,eluquet9s@wikispaces.com,Female,119.25.7.28,43715
354,Blisse,Parradye,bparradye9t@washingtonpost.com,Female,10.92.3.222,43639
355,Emmaline,Andre,eandre9u@state.gov,Female,239.88.158.205,43623
356,Charin,Holtum,choltum9v@wsj.com,Female,109.247.160.110,43883
357,Jourdan,Hatzar,jhatzar9w@freewebs.com,Female,122.146.200.198,43864
358,Ethelred,Tailby,etailby9x@reverbnation.com,Male,235.37.137.174,43729
359,Verile,Aizkovitch,vaizkovitch9y@1und1.de,Female,14.113.95.207,43740
360,Justen,McKelloch,jmckelloch9z@slashdot.org,Male,241.197.127.227,43828
361,Peggie,Fiennes,pfiennesa0@over-blog.com,Female,189.210.179.7,43588
362,Errol,Spaice,espaicea1@ovh.net,Male,109.74.76.185,43720
363,Robers,Manion,rmaniona2@msu.edu,Male,234.64.215.64,43644
364,Taryn,Portsmouth,tportsmoutha3@telegraph.co.uk,Female,17.161.112.4,43863
365,Edy,McWhinnie,emcwhinniea4@fc2.com,Female,165.251.92.248,43565
366,Stafani,Tussaine,stussainea5@theguardian.com,Female,41.95.113.171,43841
367,Dev,Karet,dkareta6@hibu.com,Male,89.149.188.62,43611
368,Duane,Hentzeler,dhentzelera7@bigcartel.com,Male,24.6.46.20,43757
369,Dorelia,Paddeley,dpaddeleya8@linkedin.com,Female,91.98.190.174,43651
370,Marybelle,Emmanueli,memmanuelia9@pen.io,Female,56.60.231.83,43619
371,Sigfrid,Delph,sdelphaa@ezinearticles.com,Male,152.72.155.92,43675
372,Crin,Olanda,colandaab@ihg.com,Female,142.36.174.69,43532
373,Brand,Cashell,bcashellac@washington.edu,Male,68.161.127.25,43753
374,Atalanta,McDougall,amcdougallad@pcworld.com,Female,163.203.206.14,43762
375,Hattie,Nisuis,hnisuisae@squidoo.com,Female,48.217.4.90,43575
376,Kelley,Charleston,kcharlestonaf@1688.com,Male,217.6.55.195,43534
377,Abagael,Scawton,ascawtonag@independent.co.uk,Female,172.56.210.191,43876
378,Ingram,Durward,idurwardah@privacy.gov.au,Male,251.15.20.20,43623
379,West,Moyles,wmoylesai@printfriendly.com,Male,41.132.166.125,43732
380,Catlin,Iannuzzelli,ciannuzzelliaj@mashable.com,Female,178.182.255.29,43646
381,Teirtza,Shermore,tshermoreak@webeden.co.uk,Female,1.221.17.37,43710
382,Ludwig,Gingles,lginglesal@hostgator.com,Male,186.243.97.203,43655
383,Maximilianus,Gott,mgottam@ihg.com,Male,151.169.167.210,43841
384,Scotti,Hugk,shugkan@jiathis.com,Male,14.63.40.102,43889
385,Gerianna,Crady,gcradyao@skyrock.com,Female,188.18.196.34,43812
386,Jose,Coraini,jcorainiap@indiatimes.com,Male,189.116.229.244,43721
387,Mavis,Waszkiewicz,mwaszkiewiczaq@state.tx.us,Female,104.173.76.103,43724
388,Garret,Ricciardo,gricciardoar@elpais.com,Male,92.133.233.53,43601
389,Emmott,Jonson,ejonsonas@newsvine.com,Male,3.188.131.196,43854
390,Nobie,Jeckells,njeckellsat@opensource.org,Male,168.243.69.52,43662
391,Opalina,Grantham,ogranthamau@discovery.com,Female,173.178.137.136,43575
392,Dierdre,Newburn,dnewburnav@seesaa.net,Female,201.101.137.20,43823
393,Raphael,Gilogly,rgiloglyaw@paypal.com,Male,221.182.234.49,43553
394,Frederique,Pirson,fpirsonax@barnesandnoble.com,Female,102.254.205.143,43705
395,Eunice,Rayne,erayneay@php.net,Female,179.155.27.75,43832
396,Anatole,Ewan,aewanaz@ovh.net,Male,208.73.205.43,43813
397,Irena,Mitchard,imitchardb0@ucla.edu,Female,177.74.137.210,43841
398,Ilyssa,Paireman,ipairemanb1@salon.com,Female,7.47.235.61,43655
399,Vilma,Keningley,vkeningleyb2@stanford.edu,Female,20.188.195.164,43576
400,Cosmo,Banford,cbanfordb3@abc.net.au,Male,163.166.223.181,43827
401,Tedra,McMurty,tmcmurtyb4@github.io,Female,111.95.184.117,43583
402,Alvan,Hawes,ahawesb5@java.com,Male,231.25.201.23,43626
403,Rodi,Whysall,rwhysallb6@exblog.jp,Female,146.104.34.88,43706
404,Frazer,Mertgen,fmertgenb7@clickbank.net,Male,181.203.44.132,43871
405,Lydon,Wernher,lwernherb8@scribd.com,Male,96.87.220.252,43797
406,Dita,Stichall,dstichallb9@alibaba.com,Female,221.195.45.0,43717
407,Marne,Ezele,mezeleba@mozilla.org,Female,193.77.177.208,43693
408,Edlin,Eefting,eeeftingbb@marriott.com,Male,181.20.233.103,43739
409,Jenni,Concannon,jconcannonbc@com.com,Female,8.76.80.62,43761
410,Cherilynn,Bearfoot,cbearfootbd@devhub.com,Female,201.192.50.211,43613
411,Melania,Linford,mlinfordbe@intel.com,Female,11.28.197.30,43713
412,Ediva,Ebourne,eebournebf@dot.gov,Female,56.102.124.129,43853
413,Harcourt,Rzehor,hrzehorbg@wikipedia.org,Male,139.13.81.123,43546
414,Shena,Lakenton,slakentonbh@bloomberg.com,Female,214.43.148.106,43732
415,Analise,Jiggens,ajiggensbi@princeton.edu,Female,115.193.95.20,43802
416,Alexandro,Kellogg,akelloggbj@shareasale.com,Male,80.188.238.10,43561
417,Bess,Strick,bstrickbk@photobucket.com,Female,210.5.2.229,43685
418,Abramo,Albro,aalbrobl@dagondesign.com,Male,33.173.215.187,43718
419,Harry,MacGarvey,hmacgarveybm@webeden.co.uk,Male,232.135.9.59,43672
420,Merlina,Djokic,mdjokicbn@hubpages.com,Female,91.98.25.64,43798
421,Bald,Roblou,brobloubo@ebay.com,Male,117.24.239.93,43776
422,Grover,Tomaszewski,gtomaszewskibp@abc.net.au,Male,238.4.228.141,43740
423,Jaymie,Deboo,jdeboobq@deliciousdays.com,Male,120.42.139.96,43584
424,Margaretta,Rudiger,mrudigerbr@networkadvertising.org,Female,205.154.234.15,43794
425,Monah,Jamot,mjamotbs@newyorker.com,Female,36.36.44.101,43621
426,Garey,Feely,gfeelybt@domainmarket.com,Male,98.158.67.92,43664
427,Jo ann,Lage,jlagebu@blogs.com,Female,10.148.59.251,43650
428,Elvina,Pasfield,epasfieldbv@prweb.com,Female,16.187.106.11,43591
429,Chase,Colafate,ccolafatebw@mail.ru,Male,17.146.160.111,43780
430,Lucina,Lisciandro,llisciandrobx@wordpress.org,Female,161.235.132.41,43871
431,Kenneth,Lathleiff,klathleiffby@cnn.com,Male,28.230.63.207,43632
432,Delphine,Takkos,dtakkosbz@uiuc.edu,Female,181.174.90.241,43544
433,Cornie,Marchment,cmarchmentc0@drupal.org,Female,239.170.92.48,43686
434,Gram,Widd,gwiddc1@comcast.net,Male,59.238.136.86,43740
435,Olag,Claricoats,oclaricoatsc2@pen.io,Male,27.179.216.209,43629
436,Nataniel,Polly,npollyc3@sciencedaily.com,Male,137.237.178.72,43569
437,Marwin,Patillo,mpatilloc4@gravatar.com,Male,76.180.181.140,43771
438,Terry,Treadger,ttreadgerc5@ovh.net,Male,72.233.82.71,43667
439,Padraig,Da Costa,pdacostac6@squidoo.com,Male,79.47.63.170,43848
440,Ardys,Dackombe,adackombec7@msu.edu,Female,81.22.240.145,43722
441,Garik,Bridgwood,gbridgwoodc8@nyu.edu,Male,235.10.206.17,43609
442,Asher,Hully,ahullyc9@cisco.com,Male,162.106.135.9,43813
443,Berget,Cookman,bcookmanca@microsoft.com,Female,127.61.225.166,43826
444,Kym,Conichie,kconichiecb@geocities.com,Female,151.181.104.246,43798
445,Khalil,Redmayne,kredmaynecc@google.es,Male,83.212.95.25,43847
446,Fae,Simonaitis,fsimonaitiscd@china.com.cn,Female,19.159.72.130,43664
447,Ave,Mc Menamin,amcmenamince@shinystat.com,Male,44.240.71.219,43851
448,Giacomo,Scibsey,gscibseycf@vinaora.com,Male,219.168.136.113,43883
449,Gabriello,Todarello,gtodarellocg@github.com,Male,25.255.99.26,43692
450,Mallory,Trembey,mtrembeych@naver.com,Male,97.119.235.36,43602
451,Fonz,Wilby,fwilbyci@sourceforge.net,Male,63.63.205.191,43764
452,Rhea,Wason,rwasoncj@icio.us,Female,152.4.218.214,43782
453,Adelbert,Knapton,aknaptonck@icio.us,Male,40.164.19.231,43600
454,Zackariah,Pavitt,zpavittcl@hibu.com,Male,143.89.214.209,43650
455,Libbie,Lutwyche,llutwychecm@admin.ch,Female,48.74.154.186,43805
456,Gunter,O'Hanley,gohanleycn@jalbum.net,Male,168.201.125.53,43620
457,Willy,Lange,wlangeco@webnode.com,Female,136.185.119.6,43830
458,Cilka,Borne,cbornecp@miibeian.gov.cn,Female,0.239.139.157,43690
459,Padriac,Bailiss,pbailisscq@google.com.hk,Male,91.169.166.140,43842
460,Jamil,Rozea,jrozeacr@soundcloud.com,Male,248.227.172.39,43641
461,Alicea,Paaso,apaasocs@prweb.com,Female,253.12.120.191,43676
462,Zola,Mease,zmeasect@creativecommons.org,Female,103.94.182.0,43805
463,Enrico,Le Hucquet,elehucquetcu@google.com.au,Male,9.6.187.227,43534
464,Sid,Marjot,smarjotcv@examiner.com,Male,142.185.231.242,43786
465,Isidora,Partener,ipartenercw@list-manage.com,Female,63.210.4.211,43576
466,Babbie,Pareman,bparemancx@weibo.com,Female,183.2.151.189,43766
467,Myrna,Garrad,mgarradcy@economist.com,Female,176.46.96.226,43716
468,Fons,Izhakov,fizhakovcz@icq.com,Male,196.71.3.202,43752
469,Janifer,Haskey,jhaskeyd0@tripadvisor.com,Female,241.164.48.20,43651
470,Tessie,Brittlebank,tbrittlebankd1@harvard.edu,Female,29.175.123.86,43798
471,Aggie,Slyde,aslyded2@oracle.com,Female,12.129.108.69,43814
472,Laird,Biasi,lbiasid3@fotki.com,Male,55.77.107.168,43675
473,Karlotte,Muselli,kmusellid4@is.gd,Female,216.250.103.182,43641
474,Cassius,Fieller,cfiellerd5@domainmarket.com,Male,203.239.196.133,43836
475,Wes,Skillanders,wskillandersd6@economist.com,Male,59.140.32.224,43687
476,Filmore,Bantham,fbanthamd7@google.it,Male,19.100.9.105,43565
477,Heywood,Neasam,hneasamd8@elegantthemes.com,Male,226.132.72.183,43624
478,Carrol,Ishak,cishakd9@free.fr,Male,158.9.185.43,43562
479,Si,Roder,sroderda@people.com.cn,Male,232.34.145.168,43536
480,Billie,Tomasino,btomasinodb@deviantart.com,Female,84.130.160.210,43640
481,Liam,Nurcombe,lnurcombedc@tripod.com,Male,211.117.171.88,43762
482,Laurent,Annion,lanniondd@epa.gov,Male,112.109.241.150,43544
483,Alexei,Feechum,afeechumde@opensource.org,Male,180.93.151.181,43689
484,Henryetta,Corss,hcorssdf@nba.com,Female,224.66.175.39,43660
485,Barbe,Dunnet,bdunnetdg@ifeng.com,Female,49.18.0.91,43892
486,Roobbie,Van Driel,rvandrieldh@cocolog-nifty.com,Female,91.120.58.123,43536
487,Mirilla,Pride,mpridedi@edublogs.org,Female,206.157.93.17,43753
488,Adrian,Foyster,afoysterdj@redcross.org,Male,77.87.162.100,43859
489,Merola,Jeyness,mjeynessdk@privacy.gov.au,Female,81.40.58.34,43782
490,Dinah,Radmer,dradmerdl@dropbox.com,Female,49.0.12.100,43679
491,Rolland,Corkhill,rcorkhilldm@cnet.com,Male,47.41.20.26,43643
492,Lian,Alphege,lalphegedn@domainmarket.com,Female,165.0.211.85,43559
493,Tallia,Hankin,thankindo@slashdot.org,Female,182.205.177.85,43638
494,Yancy,Stickels,ystickelsdp@jugem.jp,Male,124.142.163.221,43722
495,Urbain,McPherson,umcphersondq@umich.edu,Male,178.116.1.118,43786
496,Baxie,Bernardy,bbernardydr@blogger.com,Male,82.185.157.209,43573
497,Em,Niessen,eniessends@tuttocitta.it,Male,192.72.155.97,43802
498,Bunni,Edmonston,bedmonstondt@zimbio.com,Female,67.54.254.123,43761
499,Farra,Barefoot,fbarefootdu@latimes.com,Female,98.175.96.144,43818
500,Kerwin,Soal,ksoaldv@exblog.jp,Male,81.112.103.193,43798
501,Iolanthe,Holdron,iholdrondw@seesaa.net,Female,174.238.254.87,43735
502,Estrella,Stiegar,estiegardx@miitbeian.gov.cn,Female,116.74.165.135,43709
503,Alaster,Lawty,alawtydy@exblog.jp,Male,114.105.222.171,43674
504,Amie,Mattingly,amattinglydz@flavors.me,Female,144.233.119.160,43875
505,Stirling,Coolbear,scoolbeare0@squarespace.com,Male,155.3.111.186,43537
506,Ebenezer,Aspinal,easpinale1@illinois.edu,Male,46.107.47.94,43595
507,Calvin,Sharrock,csharrocke2@quantcast.com,Male,223.147.79.239,43605
508,Guinna,Pickworth,gpickworthe3@senate.gov,Female,248.80.142.0,43717
509,Bel,Keble,bkeblee4@bbb.org,Female,54.35.45.81,43790
510,Berke,Grube,bgrubee5@prlog.org,Male,72.146.66.91,43821
511,Pernell,Doelle,pdoellee6@exblog.jp,Male,201.48.182.222,43750
512,Zaria,Dach,zdache7@theguardian.com,Female,25.125.54.14,43713
513,Curtis,Braiden,cbraidene8@lycos.com,Male,182.156.64.192,43759
514,Janis,Banasevich,jbanaseviche9@buzzfeed.com,Female,111.176.156.235,43889
515,Sybila,Linney,slinneyea@sciencedaily.com,Female,193.228.84.226,43873
516,Amalea,Burrett,aburretteb@cocolog-nifty.com,Female,149.58.114.191,43593
517,Tyson,Cufley,tcufleyec@cdbaby.com,Male,203.239.236.60,43595
518,Floyd,Titley,ftitleyed@bbc.co.uk,Male,52.171.169.179,43874
519,Hasty,Downgate,hdowngateee@yale.edu,Male,11.193.155.208,43598
520,Olvan,Walklett,owalklettef@bing.com,Male,150.37.118.245,43773
521,Flossi,O'Tierney,fotierneyeg@jigsy.com,Female,167.160.117.109,43668
522,Sisely,Filippo,sfilippoeh@multiply.com,Female,10.104.216.208,43757
523,Bevvy,Siddall,bsiddallei@upenn.edu,Female,57.141.148.61,43779
524,Kendell,Grabb,kgrabbej@google.cn,Male,117.19.136.126,43555
525,Jaimie,Castella,jcastellaek@vistaprint.com,Male,50.76.115.139,43797
526,Ramona,Jickles,rjicklesel@jigsy.com,Female,72.186.183.28,43628
527,Alameda,Houtby,ahoutbyem@salon.com,Female,68.73.43.140,43631
528,Matthaeus,Whitland,mwhitlanden@slate.com,Male,156.31.14.131,43869
529,Austin,Cassely,acasselyeo@is.gd,Female,75.38.100.50,43656
530,Mollie,Gronow,mgronowep@timesonline.co.uk,Female,187.19.46.87,43535
531,Ethelind,Attewell,eattewelleq@4shared.com,Female,243.180.63.224,43562
532,Mirabella,Honywill,mhonywiller@ebay.com,Female,132.95.21.221,43604
533,Patrick,Sloy,psloyes@storify.com,Male,179.107.185.112,43752
534,Oliy,Clausewitz,oclausewitzet@liveinternet.ru,Female,237.131.91.244,43874
535,Jenifer,Deehan,jdeehaneu@360.cn,Female,34.171.71.145,43723
536,Alana,Langman,alangmanev@chronoengine.com,Female,76.214.105.237,43599
537,Ethelyn,Chatelain,echatelainew@rakuten.co.jp,Female,218.55.125.3,43701
538,Adlai,Laurenceau,alaurenceauex@boston.com,Male,67.108.43.182,43629
539,Haleigh,Fosberry,hfosberryey@youtu.be,Female,216.221.98.147,43877
540,Claudia,Rame,crameez@bandcamp.com,Female,169.206.224.179,43559
541,Shaylynn,Howat,showatf0@japanpost.jp,Female,146.140.46.18,43613
542,Wyn,Pennrington,wpennringtonf1@nsw.gov.au,Male,150.174.122.62,43889
543,Shirleen,Morot,smorotf2@businesswire.com,Female,18.218.203.133,43671
544,Irvine,Beathem,ibeathemf3@pcworld.com,Male,96.170.145.208,43552
545,Ozzie,O' Connell,ooconnellf4@huffingtonpost.com,Male,98.25.225.115,43687
546,Diana,Fradson,dfradsonf5@apple.com,Female,179.45.213.241,43545
547,Aurea,Moule,amoulef6@omniture.com,Female,189.114.156.139,43768
548,Delainey,Catmull,dcatmullf7@cnet.com,Male,168.251.84.91,43784
549,Engracia,Macellar,emacellarf8@yellowbook.com,Female,222.141.164.12,43691
550,Rochelle,Luciani,rlucianif9@naver.com,Female,76.135.172.200,43845
551,Sloane,Gorch,sgorchfa@intel.com,Male,166.18.51.125,43666
552,Rafferty,Chartres,rchartresfb@cisco.com,Male,248.182.3.159,43758
553,Cesya,Blakeslee,cblakesleefc@columbia.edu,Female,63.71.134.89,43645
554,Torey,Frere,tfrerefd@angelfire.com,Female,17.255.204.59,43571
555,Winfield,Chat,wchatfe@ustream.tv,Male,209.176.20.26,43588
556,Cross,MacGeaney,cmacgeaneyff@columbia.edu,Male,150.2.197.66,43696
557,Neile,Mahody,nmahodyfg@dot.gov,Female,219.23.32.243,43532
558,Caspar,Belmont,cbelmontfh@google.pl,Male,72.75.209.120,43560
559,Roderich,Mutlow,rmutlowfi@instagram.com,Male,73.172.242.232,43786
560,Wade,Vanichkin,wvanichkinfj@google.pl,Male,64.99.159.174,43883
561,Leonid,Nijs,lnijsfk@ustream.tv,Male,98.176.12.76,43604
562,Truda,Hubner,thubnerfl@businessinsider.com,Female,162.200.177.22,43818
563,Kizzee,Scneider,kscneiderfm@posterous.com,Female,112.228.95.122,43858
564,Debi,Netherwood,dnetherwoodfn@washington.edu,Female,62.105.207.109,43622
565,Imogene,Dekeyser,idekeyserfo@rambler.ru,Female,124.154.150.94,43776
566,Lorry,Helliker,lhellikerfp@1und1.de,Female,148.71.207.38,43741
567,Gideon,Lippett,glippettfq@meetup.com,Male,176.22.23.146,43552
568,Effie,Capon,ecaponfr@fda.gov,Female,35.115.139.5,43669
569,Leland,Cockitt,lcockittfs@addtoany.com,Male,189.154.203.135,43690
570,Shalom,Haselhurst,shaselhurstft@themeforest.net,Male,171.59.22.252,43705
571,Dione,Tebbe,dtebbefu@vinaora.com,Female,172.231.14.220,43615
572,Nonie,Ben,nbenfv@goo.ne.jp,Female,94.156.117.231,43558
573,Lalo,Lazell,llazellfw@oaic.gov.au,Male,40.55.15.151,43545
574,Budd,Mordie,bmordiefx@adobe.com,Male,31.17.70.44,43691
575,Larisa,Hymans,lhymansfy@vimeo.com,Female,137.21.83.58,43571
576,Janka,Crocroft,jcrocroftfz@ibm.com,Female,17.49.137.45,43874
577,Jarred,Brobeck,jbrobeckg0@accuweather.com,Male,147.79.131.27,43715
578,Tomasina,Berisford,tberisfordg1@squarespace.com,Female,119.155.212.105,43699
579,Osbourn,Jewett,ojewettg2@rakuten.co.jp,Male,195.72.190.39,43608
580,Ulla,Larrat,ularratg3@time.com,Female,52.73.204.152,43775
581,Alvy,Fergusson,afergussong4@jimdo.com,Male,219.113.251.21,43742
582,Ailina,Danes,adanesg5@elegantthemes.com,Female,201.21.120.240,43634
583,Dody,Kees,dkeesg6@ed.gov,Female,11.121.246.235,43576
584,Cathrin,Damp,cdampg7@fda.gov,Female,189.119.3.73,43622
585,Michel,Dubery,mduberyg8@nytimes.com,Male,94.247.248.152,43556
586,Rosalind,Pinder,rpinderg9@microsoft.com,Female,31.82.2.113,43625
587,Gratiana,Byers,gbyersga@apple.com,Female,81.49.223.127,43567
588,Shannan,Ruckert,sruckertgb@wikimedia.org,Male,30.64.255.206,43639
589,Meir,Marcombe,mmarcombegc@va.gov,Male,57.193.98.178,43785
590,Dusty,Culp,dculpgd@time.com,Female,192.195.8.97,43770
591,Margaretta,Purviss,mpurvissge@elegantthemes.com,Female,115.72.183.197,43737
592,Anderea,Antoshin,aantoshingf@slashdot.org,Female,149.178.61.97,43601
593,Justin,Cathrae,jcathraegg@illinois.edu,Male,156.244.3.163,43607
594,Lyn,Lashmore,llashmoregh@lulu.com,Male,200.36.251.114,43750
595,Silvester,Stowers,sstowersgi@last.fm,Male,100.31.51.226,43643
596,Cleve,Anfosso,canfossogj@diigo.com,Male,25.247.35.206,43686
597,Carolus,Larrat,clarratgk@dailymotion.com,Male,112.168.17.93,43645
598,Roda,Snaddin,rsnaddingl@arizona.edu,Female,56.195.201.110,43773
599,Corabelle,Coldwell,ccoldwellgm@microsoft.com,Female,35.132.83.239,43818
600,Hallsy,Sherwen,hsherwengn@go.com,Male,72.41.208.67,43615
601,Bridgette,Notti,bnottigo@purevolume.com,Female,61.90.217.34,43689
602,Daria,Ivanikhin,divanikhingp@yandex.ru,Female,93.56.127.171,43638
603,Stephenie,Wealthall,swealthallgq@pcworld.com,Female,18.197.230.162,43820
604,Bernadine,Elwood,belwoodgr@icio.us,Female,2.45.125.190,43816
605,Bartlett,Preece,bpreecegs@aol.com,Male,109.82.21.198,43676
606,Sharl,Sproston,ssprostongt@deviantart.com,Female,195.250.187.32,43785
607,Kassie,Amiss,kamissgu@huffingtonpost.com,Female,195.58.122.39,43657
608,Fax,Lartice,flarticegv@naver.com,Male,54.47.187.105,43563
609,Frans,Ibbison,fibbisongw@arstechnica.com,Male,117.17.180.107,43826
610,Kerby,Ireland,kirelandgx@wp.com,Male,218.53.22.231,43605
611,Esta,Tenniswood,etenniswoodgy@fc2.com,Female,80.6.199.220,43893
612,Devi,Korb,dkorbgz@drupal.org,Female,62.75.222.255,43628
613,Dulce,Pockett,dpocketth0@trellian.com,Female,193.128.96.211,43890
614,Carlina,Haizelden,chaizeldenh1@usatoday.com,Female,47.210.235.182,43673
615,Celie,Eddie,ceddieh2@whitehouse.gov,Female,149.218.232.57,43739
616,Bianca,Cavil,bcavilh3@slideshare.net,Female,45.95.56.247,43810
617,Sabrina,Lamke,slamkeh4@hp.com,Female,21.1.76.134,43738
618,Lolly,Mundford,lmundfordh5@yellowbook.com,Female,69.86.7.246,43629
619,Jeremias,Plumm,jplummh6@w3.org,Male,179.105.2.120,43673
620,Ev,Flinders,eflindersh7@tiny.cc,Male,104.199.142.152,43705
621,Corie,Cheetam,ccheetamh8@instagram.com,Female,240.209.153.243,43798
622,Sydelle,Osant,sosanth9@sphinn.com,Female,71.152.36.21,43869
623,Hector,Duiguid,hduiguidha@ucsd.edu,Male,250.186.46.40,43738
624,Sydel,Poyntz,spoyntzhb@nsw.gov.au,Female,157.201.220.229,43808
625,Cece,Bend,cbendhc@indiegogo.com,Male,35.213.226.201,43616
626,Ron,Absolon,rabsolonhd@cisco.com,Male,51.0.91.244,43562
627,Helen-elizabeth,Kohler,hkohlerhe@nba.com,Female,72.45.226.4,43654
628,Rubina,Melarkey,rmelarkeyhf@census.gov,Female,242.67.107.44,43881
629,Carleton,Caldera,ccalderahg@vimeo.com,Male,27.181.31.50,43700
630,Eustace,Crafts,ecraftshh@simplemachines.org,Male,163.24.248.47,43677
631,Salaidh,Guilliatt,sguilliatthi@phpbb.com,Female,110.154.103.241,43728
632,Rolf,Raxworthy,rraxworthyhj@over-blog.com,Male,3.156.193.207,43601
633,Rogerio,Morman,rmormanhk@reference.com,Male,46.49.107.247,43756
634,Eudora,Adan,eadanhl@dailymotion.com,Female,103.215.174.216,43771
635,Brod,Disman,bdismanhm@google.com.au,Male,170.214.54.224,43588
636,Marley,Penna,mpennahn@ebay.com,Female,108.151.62.96,43761
637,Price,Dullingham,pdullinghamho@reddit.com,Male,15.52.0.110,43602
638,Chryste,Cready,ccreadyhp@dyndns.org,Female,24.19.243.101,43591
639,Rhona,Capel,rcapelhq@hhs.gov,Female,102.91.155.27,43582
640,Austen,Petteford,apettefordhr@delicious.com,Male,154.59.208.131,43704
641,Buiron,Hargitt,bhargitths@taobao.com,Male,79.78.8.232,43776
642,Burke,Shillabeer,bshillabeerht@usa.gov,Male,81.10.129.89,43547
643,Valentine,Flye,vflyehu@tinypic.com,Male,196.214.138.165,43556
644,Milissent,Matusson,mmatussonhv@intel.com,Female,148.134.79.233,43649
645,Any,Woollard,awoollardhw@umich.edu,Male,75.45.7.94,43659
646,Benny,Aslen,baslenhx@buzzfeed.com,Male,139.181.218.238,43725
647,Kalvin,Lidierth,klidierthhy@amazon.com,Male,130.59.157.216,43680
648,Milton,Keely,mkeelyhz@51.la,Male,39.29.162.33,43536
649,Anthea,Cristoferi,acristoferii0@bloglines.com,Female,222.12.236.84,43763
650,Gusella,McSherry,gmcsherryi1@domainmarket.com,Female,30.50.135.238,43706
651,Ashlin,Caistor,acaistori2@disqus.com,Male,80.53.249.190,43609
652,Sabrina,Hardage,shardagei3@indiegogo.com,Female,203.91.118.25,43712
653,Gale,Arthars,gartharsi4@yale.edu,Female,6.193.150.5,43544
654,Corry,Huyche,chuychei5@harvard.edu,Female,241.171.125.105,43874
655,Sophia,Hedgecock,shedgecocki6@nifty.com,Female,125.23.144.88,43726
656,Hannah,Kirkham,hkirkhami7@altervista.org,Female,140.249.91.113,43704
657,Hogan,Mance,hmancei8@scientificamerican.com,Male,111.73.156.21,43609
658,Harmon,Butterfint,hbutterfinti9@biglobe.ne.jp,Male,142.101.124.98,43802
659,Dulsea,Wolters,dwoltersia@imageshack.us,Female,94.126.202.158,43539
660,Richart,Fawlkes,rfawlkesib@taobao.com,Male,174.104.119.114,43791
661,Pattie,Chambers,pchambersic@bbb.org,Male,101.126.179.103,43822
662,Erina,Phillot,ephillotid@hc360.com,Female,133.29.96.43,43750
663,Dale,Perton,dpertonie@google.it,Male,49.155.97.183,43702
664,Dene,Leavens,dleavensif@flickr.com,Male,22.6.119.186,43873
665,Jozef,MacKaig,jmackaigig@nbcnews.com,Male,195.18.51.87,43760
666,Sylas,Forde,sfordeih@cnbc.com,Male,190.227.96.194,43875
667,Ruby,Breewood,rbreewoodii@ca.gov,Female,226.243.114.84,43882
668,Robb,Veevers,rveeversij@google.com,Male,210.162.238.32,43568
669,Bengt,Tinline,btinlineik@wp.com,Male,44.131.201.39,43749
670,Samuele,McIntee,smcinteeil@alexa.com,Male,244.53.22.50,43794
671,Urbain,Skerme,uskermeim@instagram.com,Male,102.31.50.133,43876
672,Shadow,Moodey,smoodeyin@4shared.com,Male,60.192.117.113,43790
673,Lauretta,Bostick,lbostickio@blogger.com,Female,57.233.234.195,43542
674,Myrlene,Longega,mlongegaip@bbc.co.uk,Female,69.145.161.55,43680
675,Flossie,Whitticks,fwhitticksiq@home.pl,Female,114.109.48.6,43893
676,Othello,Cudihy,ocudihyir@washington.edu,Male,191.187.198.18,43720
677,Curr,Frankel,cfrankelis@stanford.edu,Male,230.100.181.0,43711
678,Jack,Webburn,jwebburnit@census.gov,Male,222.32.236.182,43725
679,Jaymie,Fullerd,jfullerdiu@baidu.com,Male,91.215.35.75,43669
680,Zane,Newcombe,znewcombeiv@oracle.com,Male,33.84.53.40,43661
681,Porty,Krysztowczyk,pkrysztowczykiw@answers.com,Male,10.218.203.88,43885
682,Marieann,Bernette,mbernetteix@bizjournals.com,Female,208.195.153.8,43890
683,Dawn,Muncaster,dmuncasteriy@army.mil,Female,38.236.224.2,43558
684,Zonda,McKeowon,zmckeowoniz@berkeley.edu,Female,68.30.35.204,43595
685,Gunar,Ellings,gellingsj0@skyrock.com,Male,107.214.232.253,43861
686,Stanton,Sivess,ssivessj1@squidoo.com,Male,42.98.180.253,43541
687,Patience,Hampe,phampej2@istockphoto.com,Female,224.5.48.12,43633
688,Jarid,Gresser,jgresserj3@cyberchimps.com,Male,242.118.75.230,43857
689,Kearney,Guynemer,kguynemerj4@typepad.com,Male,42.225.101.127,43715
690,Theodosia,Elsegood,telsegoodj5@instagram.com,Female,241.69.81.2,43756
691,Alexander,Bullocke,abullockej6@sogou.com,Male,139.117.8.179,43582
692,Gussy,Silverton,gsilvertonj7@mayoclinic.com,Female,156.195.132.195,43640
693,Etheline,Lindborg,elindborgj8@usatoday.com,Female,156.100.57.237,43553
694,Myles,Ramelot,mramelotj9@multiply.com,Male,104.141.229.226,43829
695,Ulysses,Twiddell,utwiddellja@time.com,Male,170.134.111.213,43868
696,Timmie,Azam,tazamjb@drupal.org,Male,70.250.193.209,43863
697,Maria,Gribbins,mgribbinsjc@google.pl,Female,252.33.112.254,43893
698,My,Joderli,mjoderlijd@hp.com,Male,59.24.120.32,43599
699,Bartram,Scay,bscayje@indiatimes.com,Male,10.151.46.126,43867
700,King,Lefwich,klefwichjf@last.fm,Male,145.70.139.159,43628
701,Mandel,Bartak,mbartakjg@accuweather.com,Male,56.240.12.80,43734
702,Lin,Hartshorn,lhartshornjh@amazon.com,Male,200.213.109.73,43682
703,Kermie,McCowen,kmccowenji@yellowbook.com,Male,108.79.82.26,43748
704,Clint,Physick,cphysickjj@cloudflare.com,Male,248.9.146.133,43621
705,Brady,Akess,bakessjk@fda.gov,Male,236.180.183.49,43624
706,Trude,Oakman,toakmanjl@digg.com,Female,247.99.250.12,43556
707,Rogers,Scrancher,rscrancherjm@rakuten.co.jp,Male,182.235.244.185,43698
708,Estrella,Dunlop,edunlopjn@howstuffworks.com,Female,250.114.126.191,43665
709,Jecho,Saladino,jsaladinojo@bloglovin.com,Male,146.197.45.82,43797
710,Vince,Tomovic,vtomovicjp@over-blog.com,Male,161.22.166.89,43535
711,Jada,Bebis,jbebisjq@opera.com,Female,114.165.194.36,43583
712,Udall,Heild,uheildjr@japanpost.jp,Male,78.144.105.241,43865
713,Caresse,Maplethorpe,cmaplethorpejs@ask.com,Female,69.157.60.64,43699
714,Bessie,Bleeze,bbleezejt@umn.edu,Female,72.102.131.239,43685
715,Rriocard,Carwithan,rcarwithanju@paginegialle.it,Male,127.55.168.212,43740
716,Crysta,Hallifax,challifaxjv@adobe.com,Female,117.65.147.216,43798
717,Paige,Jacqueminet,pjacqueminetjw@google.cn,Male,27.141.214.227,43720
718,Elke,Britt,ebrittjx@walmart.com,Female,133.19.182.107,43687
719,Cathlene,Leavy,cleavyjy@goo.ne.jp,Female,220.163.217.108,43756
720,Agna,Handke,ahandkejz@1und1.de,Female,107.17.86.117,43807
721,Tierney,Bairnsfather,tbairnsfatherk0@blogspot.com,Female,157.39.26.199,43551
722,Sandy,Brewis,sbrewisk1@bbb.org,Male,147.125.255.15,43667
723,Donavon,Haestier,dhaestierk2@irs.gov,Male,226.51.97.226,43703
724,Wally,Madgwich,wmadgwichk3@ihg.com,Female,81.49.91.6,43648
725,Benita,Fidal,bfidalk4@hatena.ne.jp,Female,66.192.56.88,43710
726,Alyse,Bernlin,abernlink5@cpanel.net,Female,197.244.29.107,43612
727,Adria,Harrie,aharriek6@mail.ru,Female,159.198.167.123,43548
728,Elene,Huison,ehuisonk7@bloglovin.com,Female,22.30.236.52,43767
729,Bil,Renny,brennyk8@mapquest.com,Male,36.255.36.128,43720
730,Itch,Alleyne,ialleynek9@theglobeandmail.com,Male,48.49.251.208,43837
731,Molli,Synnot,msynnotka@chicagotribune.com,Female,153.11.33.228,43540
732,Antonius,Danelutti,adaneluttikb@discovery.com,Male,230.68.118.50,43875
733,Becky,Willavoys,bwillavoyskc@alexa.com,Female,165.165.84.120,43560
734,Allister,Menco,amencokd@mayoclinic.com,Male,208.182.143.196,43751
735,Henrieta,Saull,hsaullke@domainmarket.com,Female,61.160.20.178,43723
736,Levon,Boughen,lboughenkf@house.gov,Male,88.178.162.63,43585
737,Horatio,Allchorne,hallchornekg@phpbb.com,Male,60.159.103.110,43584
738,Earvin,Liggins,eligginskh@washingtonpost.com,Male,121.41.85.71,43564
739,Edie,Ibbison,eibbisonki@nsw.gov.au,Female,253.36.176.205,43760
740,Katuscha,Langlais,klanglaiskj@icio.us,Female,59.14.41.245,43675
741,Yorker,Needham,yneedhamkk@lycos.com,Male,18.235.185.28,43753
742,Herve,Deegin,hdeeginkl@wordpress.org,Male,233.197.97.163,43724
743,Ardis,Rodgerson,arodgersonkm@mozilla.com,Female,116.233.26.216,43861
744,Hulda,Mordie,hmordiekn@jimdo.com,Female,60.87.153.115,43549
745,Sergent,Laird-Craig,slairdcraigko@weibo.com,Male,143.232.72.137,43816
746,Lissi,Flowith,lflowithkp@storify.com,Female,53.235.27.117,43530
747,Gauthier,Prettjohn,gprettjohnkq@amazonaws.com,Male,243.55.142.222,43666
748,Natale,Humphery,nhumpherykr@nbcnews.com,Male,95.101.138.2,43718
749,Lem,Crowne,lcrowneks@yahoo.com,Male,49.157.210.51,43759
750,Jocelyn,Fullman,jfullmankt@biglobe.ne.jp,Female,29.5.245.38,43671
751,Cleveland,Oats,coatsku@cdc.gov,Male,96.5.81.23,43596
752,Wenona,Notman,wnotmankv@cbslocal.com,Female,124.96.222.36,43588
753,Linus,Dowgill,ldowgillkw@craigslist.org,Male,216.166.245.62,43587
754,Madge,Duffer,mdufferkx@tuttocitta.it,Female,33.219.62.91,43571
755,Netty,Sacker,nsackerky@psu.edu,Female,40.179.59.255,43886
756,Janean,Astbury,jastburykz@sourceforge.net,Female,6.53.90.174,43795
757,Maureene,Skip,mskipl0@hatena.ne.jp,Female,236.154.106.73,43767
758,Job,MacCallester,jmaccallesterl1@marriott.com,Male,158.58.104.151,43611
759,Cale,Forge,cforgel2@ocn.ne.jp,Male,181.22.217.214,43555
760,Dino,Codman,dcodmanl3@ft.com,Male,28.159.55.18,43571
761,Kerby,O'Nions,konionsl4@independent.co.uk,Male,253.120.212.18,43869
762,Shanta,Skym,sskyml5@amazon.com,Female,178.250.178.216,43703
763,Ruddie,Cust,rcustl6@pcworld.com,Male,92.53.59.48,43843
764,Thedric,Nye,tnyel7@usatoday.com,Male,59.91.74.97,43701
765,Justin,Jebb,jjebbl8@disqus.com,Male,99.118.234.22,43603
766,Damita,Banbrick,dbanbrickl9@photobucket.com,Female,174.60.88.29,43615
767,Carolin,Suthworth,csuthworthla@blogtalkradio.com,Female,79.139.28.160,43730
768,Cecilla,Ritchley,critchleylb@livejournal.com,Female,223.85.91.70,43581
769,Townie,Glasper,tglasperlc@nbcnews.com,Male,79.24.66.168,43723
770,Violante,Antonnikov,vantonnikovld@hao123.com,Female,223.39.115.16,43583
771,Case,Haggie,chaggiele@angelfire.com,Male,239.230.232.211,43710
772,Jamima,Skirling,jskirlinglf@xrea.com,Female,33.20.211.224,43598
773,Loretta,Fessby,lfessbylg@yolasite.com,Female,13.106.227.140,43838
774,Phoebe,Jaeggi,pjaeggilh@independent.co.uk,Female,65.34.49.131,43779
775,Arte,Teesdale,ateesdaleli@macromedia.com,Male,69.142.7.81,43718
776,Dimitri,Ovise,doviselj@intel.com,Male,178.69.13.142,43667
777,Clayton,Schuster,cschusterlk@gizmodo.com,Male,200.129.91.199,43887
778,Jerri,Anetts,janettsll@rakuten.co.jp,Male,161.73.95.216,43556
779,Glenna,Boxhill,gboxhilllm@google.de,Female,31.5.213.120,43815
780,Pedro,Cripwell,pcripwellln@example.com,Male,206.103.234.0,43617
781,Reg,Tebb,rtebblo@bandcamp.com,Male,69.218.194.27,43612
782,Bernardine,Clemot,bclemotlp@skype.com,Female,232.17.179.167,43560
783,Risa,Sollars,rsollarslq@amazon.de,Female,45.25.22.153,43637
784,Prescott,Batchelder,pbatchelderlr@facebook.com,Male,200.210.20.95,43736
785,Ginnifer,Crews,gcrewsls@jalbum.net,Female,6.183.40.66,43572
786,Florina,Sarge,fsargelt@yahoo.com,Female,34.60.44.171,43538
787,Cleopatra,Wingatt,cwingattlu@bbc.co.uk,Female,58.67.150.138,43868
788,Rollie,Groome,rgroomelv@cnbc.com,Male,198.44.236.91,43861
789,Karlene,Gabbitus,kgabbituslw@skype.com,Female,245.254.186.49,43740
790,Kerwinn,Keenor,kkeenorlx@myspace.com,Male,191.41.167.83,43769
791,Townie,Sibbit,tsibbitly@g.co,Male,144.182.171.5,43544
792,Druci,Cattow,dcattowlz@europa.eu,Female,220.206.71.254,43820
793,Laure,Donoghue,ldonoghuem0@t.co,Female,108.34.173.143,43694
794,Hanan,Mammatt,hmammattm1@zimbio.com,Male,31.29.193.33,43887
795,Karola,Chaster,kchasterm2@kickstarter.com,Female,104.241.23.231,43769
796,Karee,Alton,kaltonm3@netlog.com,Female,11.73.103.189,43582
797,Van,Wellesley,vwellesleym4@com.com,Male,5.18.170.13,43675
798,Adolpho,Boulstridge,aboulstridgem5@dot.gov,Male,39.141.48.79,43836
799,Mikey,Macknish,mmacknishm6@cmu.edu,Male,127.26.125.167,43600
800,Collete,Rishbrook,crishbrookm7@acquirethisname.com,Female,117.179.57.113,43765
801,Dona,Myton,dmytonm8@umn.edu,Female,152.30.109.107,43836
802,Arleen,Dorricott,adorricottm9@spiegel.de,Female,125.2.138.173,43769
803,Esme,Puckinghorne,epuckinghornema@g.co,Male,125.96.114.123,43683
804,Antonin,Barszczewski,abarszczewskimb@printfriendly.com,Male,238.41.120.101,43534
805,Annmaria,Dutton,aduttonmc@skyrock.com,Female,147.30.164.251,43651
806,Patsy,Redmile,predmilemd@google.es,Male,59.118.138.143,43686
807,Redd,Clemenson,rclemensonme@surveymonkey.com,Male,14.171.109.244,43533
808,Major,Haines,mhainesmf@alibaba.com,Male,219.95.211.140,43691
809,Mureil,Boobier,mboobiermg@ycombinator.com,Female,91.12.75.228,43822
810,Andre,Reams,areamsmh@cloudflare.com,Male,167.69.188.129,43640
811,Alleyn,Chill,achillmi@goo.gl,Male,11.216.197.72,43775
812,Ariel,Marlor,amarlormj@youku.com,Male,121.192.192.221,43594
813,Enid,Tugman,etugmanmk@google.com.hk,Female,59.242.88.12,43576
814,Iosep,Grishukov,igrishukovml@ow.ly,Male,252.118.39.111,43741
815,Seymour,Pleat,spleatmm@wix.com,Male,141.251.170.127,43556
816,Bradly,Bonson,bbonsonmn@csmonitor.com,Male,71.190.130.32,43638
817,Tiler,Simoens,tsimoensmo@deliciousdays.com,Male,82.101.23.184,43878
818,Ana,Pithie,apithiemp@t.co,Female,109.66.233.130,43796
819,Waylan,Latliff,wlatliffmq@ehow.com,Male,200.105.246.22,43806
820,Flossie,Capel,fcapelmr@privacy.gov.au,Female,41.1.0.83,43887
821,Wolfgang,O'Donnell,wodonnellms@apple.com,Male,224.61.173.92,43714
822,Gerald,Mattiello,gmattiellomt@time.com,Male,244.158.225.243,43598
823,Bartel,Chiplen,bchiplenmu@furl.net,Male,208.169.68.157,43779
824,Gabriel,Frise,gfrisemv@twitter.com,Female,128.146.240.50,43677
825,Maggie,Sweetlove,msweetlovemw@youtu.be,Female,11.250.154.172,43824
826,Dionisio,Southey,dsoutheymx@ocn.ne.jp,Male,199.223.130.7,43775
827,Arabela,Filippozzi,afilippozzimy@aol.com,Female,130.67.170.170,43634
828,Mathias,McIlherran,mmcilherranmz@narod.ru,Male,135.67.50.0,43678
829,Haywood,Daoust,hdaoustn0@dailymotion.com,Male,193.99.206.82,43536
830,Julina,Coleborn,jcolebornn1@engadget.com,Female,232.187.87.77,43695
831,Nikolia,Pickerin,npickerinn2@aol.com,Female,98.93.101.234,43732
832,Kaylee,Maddin,kmaddinn3@arstechnica.com,Female,192.47.238.168,43631
833,Lenci,Clowsley,lclowsleyn4@example.com,Male,227.6.188.89,43751
834,Bern,Sextone,bsextonen5@sbwire.com,Male,113.253.132.231,43778
835,Farand,Simenel,fsimeneln6@51.la,Female,4.87.147.2,43891
836,Fonz,Bawden,fbawdenn7@biglobe.ne.jp,Male,14.167.205.135,43679
837,Kinna,Northcott,knorthcottn8@reference.com,Female,100.120.98.84,43581
838,Anallese,Schankelborg,aschankelborgn9@homestead.com,Female,75.141.183.38,43767
839,Demetra,Guillain,dguillainna@vistaprint.com,Female,211.64.209.208,43878
840,Jere,Peagram,jpeagramnb@hubpages.com,Male,228.215.54.69,43618
841,Melita,Wandrack,mwandracknc@webeden.co.uk,Female,247.160.155.165,43529
842,Alexandr,Copas,acopasnd@4shared.com,Male,196.15.34.130,43842
843,Waldo,Willerson,wwillersonne@t-online.de,Male,83.208.91.63,43831
844,Revkah,Colebrook,rcolebrooknf@miitbeian.gov.cn,Female,237.60.188.235,43757
845,Ichabod,Heugh,iheughng@unblog.fr,Male,181.27.234.18,43791
846,Cindi,Spillman,cspillmannh@odnoklassniki.ru,Female,62.130.94.28,43682
847,Timoteo,Petley,tpetleyni@netscape.com,Male,90.15.99.49,43616
848,Bernadene,Chagg,bchaggnj@wsj.com,Female,36.35.141.195,43786
849,Tiffi,Stiegar,tstiegarnk@tinypic.com,Female,24.145.182.206,43888
850,Minta,Kynastone,mkynastonenl@yolasite.com,Female,54.188.251.109,43891
851,Rog,Fairhead,rfairheadnm@flavors.me,Male,154.255.93.192,43530
852,Jean,Cutmore,jcutmorenn@ebay.com,Male,42.37.156.241,43668
853,Cal,Pieper,cpieperno@opera.com,Male,122.7.250.167,43718
854,Johnette,Perez,jpereznp@naver.com,Female,2.250.85.185,43801
855,Denney,Saphin,dsaphinnq@e-recht24.de,Male,79.153.63.62,43696
856,Alleyn,Seath,aseathnr@mediafire.com,Male,29.21.143.137,43698
857,Tarra,Kinkade,tkinkadens@delicious.com,Female,174.146.123.231,43869
858,Liza,Lillford,llillfordnt@webmd.com,Female,43.34.81.133,43704
859,Isac,Bernardot,ibernardotnu@nifty.com,Male,209.75.251.53,43623
860,Kennie,Connikie,kconnikienv@un.org,Male,200.161.101.180,43865
861,Lindsay,Klich,lklichnw@npr.org,Female,111.220.130.5,43670
862,Xever,Haggath,xhaggathnx@hibu.com,Male,214.241.144.230,43713
863,Frans,Wace,fwaceny@creativecommons.org,Male,227.90.247.189,43590
864,Amalee,Peddar,apeddarnz@blog.com,Female,183.133.177.96,43744
865,Jehu,Schindler,jschindlero0@webnode.com,Male,160.242.78.30,43864
866,June,Gwilliam,jgwilliamo1@usda.gov,Female,250.9.193.242,43596
867,Say,Farlane,sfarlaneo2@bluehost.com,Male,112.82.226.114,43727
868,Hayden,Verni,hvernio3@so-net.ne.jp,Male,77.1.80.228,43583
869,Nealon,Olivi,nolivio4@list-manage.com,Male,137.168.239.194,43859
870,Berkley,Sothcott,bsothcotto5@ftc.gov,Male,70.193.164.131,43701
871,Sharline,Wiltshaw,swiltshawo6@plala.or.jp,Female,91.209.102.27,43695
872,Elisabeth,Carthy,ecarthyo7@accuweather.com,Female,29.30.202.251,43879
873,Marylinda,Barrack,mbarracko8@devhub.com,Female,154.81.193.128,43841
874,Windham,McMylor,wmcmyloro9@upenn.edu,Male,150.36.58.28,43847
875,Mufinella,Hardy-Piggin,mhardypigginoa@patch.com,Female,28.175.126.123,43760
876,Correy,Preist,cpreistob@reverbnation.com,Male,74.206.52.64,43695
877,Berkeley,Kilgrew,bkilgrewoc@tuttocitta.it,Male,243.159.187.90,43888
878,Putnem,Covell,pcovellod@phoca.cz,Male,123.193.45.208,43697
879,Aldis,Paulazzi,apaulazzioe@homestead.com,Male,234.153.185.143,43691
880,Kelley,McAlpin,kmcalpinof@shareasale.com,Female,241.69.98.71,43661
881,Cris,Laboune,clabouneog@vimeo.com,Female,23.171.127.246,43729
882,Garner,Marcome,gmarcomeoh@jimdo.com,Male,161.36.58.62,43799
883,Aube,Bernholt,abernholtoi@histats.com,Male,19.15.250.145,43747
884,Kaylee,Chevalier,kchevalieroj@nasa.gov,Female,119.239.187.170,43877
885,Kenneth,Livoir,klivoirok@tinyurl.com,Male,46.173.151.61,43800
886,Urbanus,Bevington,ubevingtonol@hibu.com,Male,241.185.147.19,43629
887,Juliet,MacClenan,jmacclenanom@hao123.com,Female,225.175.150.28,43787
888,Missy,Plumtree,mplumtreeon@jimdo.com,Female,209.179.46.36,43779
889,Floyd,Backes,fbackesoo@de.vu,Male,86.206.255.120,43693
890,Kermit,Sallter,ksallterop@cdc.gov,Male,217.222.3.167,43666
891,Vail,Doneld,vdoneldoq@nytimes.com,Male,7.205.17.140,43892
892,Derwin,Pennuzzi,dpennuzzior@shutterfly.com,Male,254.38.123.246,43623
893,Cristie,Mattisssen,cmattisssenos@booking.com,Female,67.25.26.132,43738
894,Say,Golledge,sgolledgeot@slideshare.net,Male,244.109.94.2,43543
895,Magdalena,Fyldes,mfyldesou@spiegel.de,Female,8.133.104.58,43701
896,Murielle,Snelgar,msnelgarov@blogtalkradio.com,Female,91.47.249.240,43615
897,Cal,Longega,clongegaow@flickr.com,Male,39.252.142.117,43621
898,Meggie,Liffey,mliffeyox@cam.ac.uk,Female,232.140.231.133,43696
899,Chrissie,Blanchard,cblanchardoy@plala.or.jp,Male,84.249.15.15,43814
900,Gray,Prewett,gprewettoz@dropbox.com,Female,173.229.4.1,43773
901,Frank,Hollerin,fhollerinp0@bing.com,Female,221.243.232.108,43692
902,Bent,Dy,bdyp1@weebly.com,Male,207.109.231.218,43656
903,Drusie,Gogie,dgogiep2@ox.ac.uk,Female,8.93.177.75,43638
904,Jonathon,Kernar,jkernarp3@blogs.com,Male,91.124.96.117,43577
905,Rebekkah,McKerlie,rmckerliep4@pinterest.com,Female,91.250.211.149,43595
906,Mylo,Westgarth,mwestgarthp5@yolasite.com,Male,35.187.142.225,43714
907,Jarrid,Lorkings,jlorkingsp6@senate.gov,Male,221.75.167.235,43816
908,Fay,Kenrat,fkenratp7@mlb.com,Female,119.194.58.248,43555
909,Warden,Edland,wedlandp8@ucla.edu,Male,220.113.248.81,43867
910,Barney,Blazi,bblazip9@statcounter.com,Male,6.176.234.139,43568
911,Carce,Boscott,cboscottpa@people.com.cn,Male,249.31.9.173,43863
912,Nathalie,Bitcheno,nbitchenopb@ted.com,Female,130.101.107.11,43602
913,Haslett,Burchatt,hburchattpc@independent.co.uk,Male,22.210.72.95,43741
914,Otes,Dempsey,odempseypd@ftc.gov,Male,45.199.9.220,43650
915,Susanetta,Langlais,slanglaispe@cyberchimps.com,Female,46.32.193.183,43685
916,Hillary,Koppeck,hkoppeckpf@wikipedia.org,Male,68.137.143.12,43656
917,Nathalia,Schade,nschadepg@istockphoto.com,Female,89.114.176.140,43752
918,Chantalle,Randals,crandalsph@arizona.edu,Female,150.155.152.137,43579
919,Shirline,McGeaney,smcgeaneypi@joomla.org,Female,16.98.27.184,43864
920,Dalton,Pershouse,dpershousepj@sakura.ne.jp,Male,168.161.171.42,43600
921,Carlin,Weald,cwealdpk@wikispaces.com,Female,30.213.158.224,43853
922,Artus,Burgher,aburgherpl@nsw.gov.au,Male,62.240.25.255,43689
923,Allard,Tamblyn,atamblynpm@people.com.cn,Male,37.191.31.199,43643
924,Ewell,Haggar,ehaggarpn@comcast.net,Male,45.24.142.76,43748
925,Teresina,Jurasek,tjurasekpo@cmu.edu,Female,156.105.103.249,43798
926,Patience,Guiton,pguitonpp@twitpic.com,Female,40.108.176.111,43577
927,Harland,Elgar,helgarpq@bbb.org,Male,6.8.101.165,43615
928,Cortie,Golby,cgolbypr@moonfruit.com,Male,11.156.228.70,43561
929,Boris,Spellworth,bspellworthps@baidu.com,Male,230.12.150.62,43731
930,Johnnie,Di Carlo,jdicarlopt@imgur.com,Male,104.213.250.82,43829
931,Gasparo,Marquez,gmarquezpu@nifty.com,Male,181.224.235.124,43709
932,Molly,Mustard,mmustardpv@yahoo.com,Female,189.87.118.124,43706
933,Nat,Raffels,nraffelspw@skype.com,Female,56.113.189.133,43867
934,Ethelbert,Gange,egangepx@infoseek.co.jp,Male,100.111.44.28,43634
935,Milty,Millimoe,mmillimoepy@blogtalkradio.com,Male,162.19.31.220,43888
936,Brock,Thayre,bthayrepz@smh.com.au,Male,72.160.137.146,43597
937,Florrie,McGreil,fmcgreilq0@friendfeed.com,Female,103.68.204.20,43556
938,Wynn,Stoppard,wstoppardq1@sciencedaily.com,Male,200.130.128.48,43611
939,Rosabel,Drepp,rdreppq2@indiatimes.com,Female,188.212.99.238,43666
940,Alasteir,Pruvost,apruvostq3@tinypic.com,Male,166.224.198.44,43768
941,Dino,Emm,demmq4@gov.uk,Male,160.124.147.2,43619
942,Gill,Goomes,ggoomesq5@bravesites.com,Male,78.207.35.62,43761
943,Cass,Eixenberger,ceixenbergerq6@netlog.com,Male,164.23.228.131,43626
944,Ruggiero,Scholtz,rscholtzq7@ed.gov,Male,115.14.54.115,43702
945,Nada,Quinnelly,nquinnellyq8@ebay.co.uk,Female,159.109.143.121,43621
946,Nicolai,Pavkovic,npavkovicq9@list-manage.com,Male,0.114.64.22,43716
947,Ian,Gothrup,igothrupqa@virginia.edu,Male,188.217.88.54,43777
948,Pepillo,Lowton,plowtonqb@spotify.com,Male,60.14.254.218,43548
949,Wye,Pymer,wpymerqc@google.ca,Male,62.83.77.186,43710
950,Titos,Olenchikov,tolenchikovqd@deviantart.com,Male,156.97.128.196,43754
951,Mellisa,Nolot,mnolotqe@chron.com,Female,154.157.130.95,43544
952,Donnie,Perulli,dperulliqf@kickstarter.com,Female,132.109.111.79,43883
953,Lula,Wressell,lwressellqg@bbc.co.uk,Female,132.117.175.36,43784
954,Drud,Hamper,dhamperqh@house.gov,Male,249.84.225.227,43861
955,Ellery,Laverack,elaverackqi@bravesites.com,Male,237.156.87.238,43807
956,Edward,Faulkener,efaulkenerqj@purevolume.com,Male,180.166.159.182,43691
957,Terry,Grooby,tgroobyqk@issuu.com,Female,191.6.139.221,43593
958,Maddy,Carty,mcartyql@cyberchimps.com,Male,126.99.137.230,43581
959,Fidole,Longrigg,flongriggqm@opera.com,Male,9.238.52.178,43650
960,Pauly,Inglese,pingleseqn@oakley.com,Female,122.120.56.69,43690
961,Benson,Ksandra,bksandraqo@php.net,Male,89.31.8.69,43558
962,Ambrose,Sigart,asigartqp@skype.com,Male,103.148.109.157,43679
963,Tildie,Gavin,tgavinqq@360.cn,Female,223.167.242.33,43567
964,Selby,Ilchuk,silchukqr@businessinsider.com,Male,168.167.141.3,43569
965,Brendis,Westmerland,bwestmerlandqs@livejournal.com,Male,174.44.154.197,43792
966,Llewellyn,Sabatini,lsabatiniqt@dagondesign.com,Male,26.8.3.81,43747
967,Cassondra,Kobpal,ckobpalqu@godaddy.com,Female,36.17.197.92,43877
968,Kelwin,Chippendale,kchippendaleqv@ft.com,Male,30.147.241.131,43857
969,Dacey,Arrell,darrellqw@home.pl,Female,39.205.4.157,43605
970,Georg,Kapelhof,gkapelhofqx@ustream.tv,Male,11.108.85.90,43876
971,Raddy,Carrabot,rcarrabotqy@weibo.com,Male,81.131.96.98,43696
972,Donaugh,Andrioletti,dandriolettiqz@trellian.com,Male,18.191.118.185,43591
973,Sascha,Kun,skunr0@zimbio.com,Female,114.37.185.28,43560
974,Darda,Wahncke,dwahncker1@hud.gov,Female,9.92.43.33,43831
975,Nickolas,Sinott,nsinottr2@weebly.com,Male,32.225.228.140,43550
976,Kristel,Forder,kforderr3@joomla.org,Female,186.22.204.132,43645
977,Horst,Schrir,hschrirr4@youku.com,Male,229.80.171.54,43530
978,Umberto,Johnsey,ujohnseyr5@fastcompany.com,Male,103.183.27.37,43631
979,Pren,Rainbird,prainbirdr6@google.pl,Male,38.50.175.153,43678
980,Ardyce,Ianetti,aianettir7@goodreads.com,Female,254.174.115.160,43825
981,Brandtr,Lambrechts,blambrechtsr8@seattletimes.com,Male,236.191.19.13,43619
982,Nerissa,Brimacombe,nbrimacomber9@taobao.com,Female,62.217.220.71,43615
983,Devora,Gowler,dgowlerra@hc360.com,Female,77.169.244.211,43533
984,Quentin,Burehill,qburehillrb@sun.com,Female,161.161.236.201,43803
985,Alys,Salliss,asallissrc@t-online.de,Female,140.131.5.25,43696
986,Sydel,Natwick,snatwickrd@businessweek.com,Female,23.157.225.106,43856
987,Brendin,De Hooch,bdehoochre@baidu.com,Male,165.34.186.54,43875
988,Perry,Conerding,pconerdingrf@twitter.com,Male,94.248.19.42,43582
989,Selinda,Knottley,sknottleyrg@360.cn,Female,92.112.127.15,43693
990,Giordano,Vibert,gvibertrh@bluehost.com,Male,165.107.36.52,43602
991,Sigismondo,Boult,sboultri@answers.com,Male,202.99.27.196,43862
992,Sabra,Alyutin,salyutinrj@joomla.org,Female,63.2.70.33,43730
993,Desi,Talby,dtalbyrk@wikispaces.com,Male,41.226.11.179,43792
994,Garrot,Tunnick,gtunnickrl@aboutads.info,Male,188.7.117.141,43564
995,Patricia,Atlee,patleerm@infoseek.co.jp,Female,54.79.235.75,43803
996,Brooks,Vann,bvannrn@wp.com,Male,98.214.30.75,43818
997,Clerkclaude,Tracy,ctracyro@bizjournals.com,Male,0.208.27.63,43886
998,Merell,Stones,mstonesrp@prnewswire.com,Male,25.247.78.92,43872
999,Joela,Fuxman,jfuxmanrq@spotify.com,Female,27.253.59.108,43893
1000,Skelly,Gatman,sgatmanrr@arstechnica.com,Male,190.60.60.244,43568
